step	learning_rate
0	1.0000000000000002e-06
1	2.0000000000000003e-06
2	3e-06
3	4.000000000000001e-06
4	5e-06
